{
    "MlibObjs": {},
    "CompileProcesses": [
        "cgproc.2276451.json"
    ],
    "stat": {
        "peak_mem_kb": 216396,
        "mop/quad": 2.3202962647199872,
        "nMops": 43545,
        "ru_self_cgstart": {
            "ru_utime_sec": 0.50792599999999999,
            "ru_nivcsw": 20,
            "ru_majflt": 5,
            "ru_stime_sec": 0.087678000000000006,
            "ru_minflt": 7854,
            "ru_maxrss_kb": 94184,
            "ru_nvcsw": 397
        },
        "ru_childs_cgstart": {
            "ru_utime_sec": 0.012031999999999999,
            "ru_nivcsw": 4,
            "ru_majflt": 0,
            "ru_stime_sec": 0.048536999999999997,
            "ru_minflt": 1858,
            "ru_maxrss_kb": 91476,
            "ru_nvcsw": 30
        },
        "mopSpeed": 61998.73852606881,
        "totalObjSize": 1252961,
        "nQuads": 18767,
        "outputSizePerQuad": 66.764053924441839,
        "ru_childs_end": {
            "ru_utime_sec": 0.012031999999999999,
            "ru_nivcsw": 4,
            "ru_majflt": 0,
            "ru_stime_sec": 0.048536999999999997,
            "ru_minflt": 1858,
            "ru_maxrss_kb": 91476,
            "ru_nvcsw": 30
        },
        "ru_self_end": {
            "ru_utime_sec": 1.2102789999999999,
            "ru_nivcsw": 28,
            "ru_majflt": 7,
            "ru_stime_sec": 0.14567099999999999,
            "ru_minflt": 9227,
            "ru_maxrss_kb": 102648,
            "ru_nvcsw": 580
        },
        "quadSpeed": 26720.18201673518,
        "Frontend(%)": 41.967678527017327,
        "CodeGen(%)": 58.03232147298268
    },
    "PrevCompiledModules": {},
    "Misc": {
        "archive_dir": "archive.0",
        "daidir": "simv.daidir",
        "cwd": "/home/users/jiajunc4/ee271/gitproj_part1/EE-271-Rasterizer",
        "csrc": "csrc",
        "csrc_abs": "/home/users/jiajunc4/ee271/gitproj_part1/EE-271-Rasterizer/csrc",
        "daidir_abs": "/home/users/jiajunc4/ee271/gitproj_part1/EE-271-Rasterizer/simv.daidir",
        "default_output_dir": "csrc"
    },
    "NameTable": {
        "perf_monitor": [
            "perf_monitor",
            "wiPAj",
            "module",
            32
        ],
        "dff3_0000": [
            "dff3_0000",
            "Fgck4",
            "module",
            15
        ],
        "_vcs_unit__4140305405": [
            "_vcs_unit__4140305405",
            "INiNY",
            "module",
            1
        ],
        "dff2_0000": [
            "dff2_0000",
            "HpNpL",
            "module",
            5
        ],
        "dff2_0001_0000": [
            "dff2_0001_0000",
            "tpBAT",
            "module",
            10
        ],
        "std": [
            "std",
            "reYIK",
            "module",
            2
        ],
        "bbox_0000": [
            "bbox_0000",
            "d5BPu",
            "module",
            4
        ],
        "rast_params": [
            "rast_params",
            "mT84W",
            "module",
            3
        ],
        "dff2_0003": [
            "dff2_0003",
            "FMRfU",
            "module",
            8
        ],
        "dff2_0001": [
            "dff2_0001",
            "YYTYE",
            "module",
            6
        ],
        "dff2_0002": [
            "dff2_0002",
            "yW5CM",
            "module",
            7
        ],
        "dff2_0000_0000": [
            "dff2_0000_0000",
            "m1pCR",
            "module",
            9
        ],
        "dff2_0001_0001": [
            "dff2_0001_0001",
            "UfTMx",
            "module",
            11
        ],
        "dff3_0000_0003": [
            "dff3_0000_0003",
            "fjDt2",
            "module",
            20
        ],
        "zbuff": [
            "zbuff",
            "K6ha2",
            "module",
            38
        ],
        "dff3_0001_0000": [
            "dff3_0001_0000",
            "aWGfp",
            "module",
            21
        ],
        "smpl_cnt_sb": [
            "smpl_cnt_sb",
            "hVvAG",
            "module",
            34
        ],
        "dff2_0002_0000": [
            "dff2_0002_0000",
            "KUIDG",
            "module",
            12
        ],
        "smpl_sb": [
            "smpl_sb",
            "xTIPv",
            "module",
            35
        ],
        "dff3_0001": [
            "dff3_0001",
            "wrGcc",
            "module",
            16
        ],
        "hash_jtree": [
            "hash_jtree",
            "sE4tC",
            "module",
            27
        ],
        "dff2_0002_0001": [
            "dff2_0002_0001",
            "mv96h",
            "module",
            13
        ],
        "dff_0000_0002": [
            "dff_0000_0002",
            "xKfGv",
            "module",
            22
        ],
        "dff2_0003_0000": [
            "dff2_0003_0000",
            "zxvEq",
            "module",
            14
        ],
        "dff3_0000_0000": [
            "dff3_0000_0000",
            "EJn6A",
            "module",
            17
        ],
        "...MASTER...": [
            "SIM",
            "amcQw",
            "module",
            39
        ],
        "dff3_0000_0001": [
            "dff3_0000_0001",
            "RmIf7",
            "module",
            18
        ],
        "dff3_0000_0002": [
            "dff3_0000_0002",
            "gG0sx",
            "module",
            19
        ],
        "dff_0000_0003": [
            "dff_0000_0003",
            "ACtd6",
            "module",
            23
        ],
        "dff_0000_0005": [
            "dff_0000_0005",
            "qncW9",
            "module",
            24
        ],
        "dff_0000_0006": [
            "dff_0000_0006",
            "KE3qb",
            "module",
            25
        ],
        "dff_retime_0000": [
            "dff_retime_0000",
            "Qaq0g",
            "module",
            26
        ],
        "rast": [
            "rast",
            "NNwFS",
            "module",
            28
        ],
        "sampletest": [
            "sampletest",
            "gPJxK",
            "module",
            29
        ],
        "test_iterator_0000": [
            "test_iterator_0000",
            "adgUT",
            "module",
            30
        ],
        "bbx_sb": [
            "bbx_sb",
            "a8g0Z",
            "module",
            31
        ],
        "rast_driver": [
            "rast_driver",
            "ZD3VR",
            "module",
            33
        ],
        "testbench": [
            "testbench",
            "iAVhC",
            "module",
            36
        ],
        "top_rast": [
            "top_rast",
            "xFwH6",
            "module",
            37
        ]
    },
    "LVLData": [
        "SIM"
    ],
    "CompileStrategy": "fullobj",
    "SIMBData": {
        "out": "amcQwB.o",
        "bytes": 143416,
        "archive": "archive.0/_2276451_archive_1.a"
    },